acc_x,acc_y,acc_z,gyro_x,gyro_y,gyro_z,azimuth,pitch,roll
7.9706397,-4.4175467,1.8433399,-2.0815234,0.267559,2.116648,13.609544,-0.7503139,62.407993
8.005359,-4.541816,1.8674773,-1.9376645,0.23915374,2.0561724,13.856763,0.30477735,62.45684
8.019355,-4.6071296,1.8674773,-1.7989981,0.2003638,2.0042489,14.073079,1.3074375,62.49552
8.045494,-4.5949135,1.8146349,-1.6603317,0.17104226,1.958434,14.259077,2.3128986,62.504547
8.0811825,-4.5235376,1.7209538,-1.568702,0.16187929,1.9251418,14.421942,3.2758586,62.489418
8.072935,-4.425795,1.6373211,-1.4773777,0.14874569,1.9007072,14.542267,4.222275,62.454506
8.002476,-4.2895746,1.566862,-1.395827,0.16218472,1.8567249,14.6446495,5.124149,62.390873
7.896176,-4.2757854,1.5170622,-1.3240504,0.19303341,1.8188512,14.71773,6.0081043,62.321487
7.7321377,-4.4646783,1.5021496,-1.2767084,0.13988814,1.7562376,14.782736,6.846671,62.254303
7.444905,-4.690517,1.5709628,-1.2073752,0.12583824,1.6844609,14.818273,7.6484933,62.159115
7.0037794,-4.9640145,1.7430017,-1.1206323,0.1591304,1.5720617,14.84947,8.395557,62.05748
6.551046,-5.344884,1.9329244,-1.0616838,0.1328632,1.4340062,14.890881,9.148271,61.950924
6.0490885,-6.032565,2.1788838,-0.9978484,0.121256754,1.2660183,14.926954,9.834646,61.83252
5.6957874,-6.8345265,2.6153905,-0.91721416,0.160963,1.0684034,14.977568,10.531592,61.634235
5.6027846,-7.9114,3.4475195,-0.84238315,0.28588495,0.850019,15.037183,11.158102,61.42902
5.616211,-9.313796,4.4508114,-0.8002335,0.47952923,0.65301496,353.12448,11.846476,61.10079
5.8087835,-11.2951565,5.764586,-0.7528914,0.5726862,0.4877759,352.30725,12.465023,60.78387
6.0372677,-13.236749,7.1378403,-0.63041294,0.70646566,0.4092797,351.5365,13.19221,60.232853
6.4782786,-14.831895,8.812744,-0.5305365,0.7706065,0.2751948,350.9406,13.84439,59.706127
6.9281554,-16.346561,10.418923,-0.26297748,0.66920286,0.14080444,350.22873,14.725486,58.883205
7.4652476,-17.126953,11.4012985,0.050701816,0.46395215,-0.016187929,349.6706,15.510594,58.110794
7.986634,-17.928362,12.388407,0.32925636,0.35002577,-0.21685717,349.2361,16.39021,57.112217
7.8769403,-18.249878,12.554839,0.50701815,0.20372356,-0.5332854,348.94757,17.111149,56.259842
7.7601204,-18.592281,12.732082,0.67256266,-0.02565634,-0.91415983,348.78094,17.765818,55.420444
7.687924,-18.846306,12.3763485,0.7699956,-0.030848695,-1.3946054,348.86774,18.24006,54.682747
7.6394467,-19.054758,11.721906,0.6908886,0.105068825,-1.958434,349.1579,18.553476,54.085094
7.801941,-18.179783,10.936601,0.4700608,0.28710666,-2.5546384,349.6517,18.77385,53.539734
8.075217,-16.73532,10.07285,0.14630222,0.41538838,-3.0995302,350.3834,18.864138,53.0902
8.319571,-14.911762,9.367074,-0.17867808,0.43188173,-3.5500433,351.21475,18.877401,52.781357
8.54841,-12.941951,8.738889,-0.49296826,0.28191432,-3.9223657,352.2223,18.809961,52.570816
8.891224,-11.202783,8.087048,-0.6945538,-0.014049901,-4.2424593,353.33142,18.552578,52.625244
9.316926,-9.6579685,7.424357,-0.84788096,-0.37384954,-4.6034803,354.54556,18.23858,52.79025
9.923178,-8.685205,6.4022703,-0.9621128,-0.6270532,-5.1709743,356.02066,17.640692,53.237225
10.794556,-8.610516,4.8487267,-1.006095,-0.68325275,-6.067419,357.74146,16.899649,53.800255
11.353805,-7.8530927,3.4211936,-1.0231993,-0.6123924,-6.6614857,359.56152,15.979282,54.57895
11.577363,-6.264402,2.0703309,-0.94897914,-0.54000485,-6.883535,1.6057986,14.944404,55.399506
11.811434,-3.046242,1.1330729,-0.77182823,-0.36346483,-6.8542137,3.6375716,13.810618,56.43652
12.064317,2.3720038,0.7162847,-0.6582073,-0.27947086,-6.4950247,5.6502056,12.719131,57.418213
12.230582,6.3688297,0.29045725,-0.3753767,-0.36254853,-5.83865,7.3168077,11.602801,58.556667
12.26046,8.236175,-0.18758306,-0.048258353,-0.54092115,-4.96664,26.879332,10.629396,59.596104
12.251406,9.685114,-0.6714358,0.26328292,-0.6068946,-4.0365977,27.529215,9.0573635,60.75313
12.184608,10.674538,-1.2141575,0.5180137,-0.4111123,-3.1108313,27.94714,7.6760197,61.7378
12.083827,11.66115,-1.6873529,0.6976081,0.017104227,-2.2030854,28.171078,6.3055835,62.640762
11.936642,11.997572,-1.6242737,0.76144356,0.61758476,-1.3045027,28.211325,5.1598063,63.31805
11.723546,12.178967,-1.449768,0.7309003,1.2614367,-0.40225476,28.097326,4.1235538,63.85886
11.195394,10.92146,-0.5527463,0.659429,1.8124372,0.45478916,27.859262,3.312418,64.17753
10.534387,9.35828,0.5497076,0.5821546,2.1282544,1.1643091,27.543285,2.6599028,64.303795
9.822633,7.82154,1.4588109,0.5326745,2.1960607,1.5790867,27.16814,2.1612716,64.31111
8.925538,5.88463,2.6046457,0.5360342,2.0781636,1.7553213,26.7616,1.936811,64.06775
7.831152,3.9724758,3.7361753,0.51251596,1.8191566,1.7983873,26.339352,1.7882161,63.8435
6.534358,2.0797288,4.856567,0.40775254,1.4972308,1.781894,25.923374,1.6733028,63.67266
5.551071,0.59006256,5.550413,0.2284636,1.2437216,1.7308867,25.55962,1.8291893,63.276188
4.900647,-0.47021827,5.795436,0.019547688,1.1047498,1.7174476,25.225574,2.0000012,62.94459
4.550719,-1.2983985,5.8650875,-0.16279559,1.0809261,1.7238617,24.942654,2.429498,62.374924
4.7590127,-1.6440774,5.6213393,-0.31520647,1.1658363,1.7391334,24.7016,2.8746305,61.814026
5.0798497,-1.9263663,5.3860297,-0.43157628,1.2260065,1.7318029,24.4653,3.5346024,61.163513
5.7181187,-1.9710006,5.207493,-0.47708577,1.3787229,1.733941,24.245483,4.1995187,60.456585
6.3974886,-2.0144618,5.094742,-0.52778757,1.5216653,1.7278323,24.019678,4.9655313,59.788395
7.324006,-2.0437202,5.514113,-0.5320636,1.5980235,1.7540996,23.79775,5.714912,59.08972
8.246253,-2.1078773,6.0312386,-0.50762904,1.5897768,1.8038851,23.59959,6.410519,58.45995
9.269889,-2.4064379,7.252137,-0.48197266,1.3457361,1.9260582,23.394733,7.107294,57.869133
10.01807,-2.659372,8.165102,-0.46853364,1.1896601,1.9642372,23.220736,7.733886,57.291645
10.7617445,-3.257227,9.278182,-0.4700608,0.79534656,2.0186043,23.029533,8.369604,56.841393
11.442848,-3.8647203,10.278787,-0.4905248,0.34330627,1.999362,22.876272,8.958512,56.38662
11.689244,-4.603909,10.4776325,-0.4990769,-0.080634214,1.9193386,22.72841,9.522012,56.039085
11.940097,-5.3564696,10.680076,-0.5109888,-0.39278635,1.7788396,22.62075,10.079258,55.701454
11.922852,-6.0034513,9.286999,-0.55924714,-0.49938235,1.6481144,22.54016,10.604334,55.43448
11.880529,-6.642992,7.7398753,-0.59864795,-0.44684792,1.5036448,22.490835,11.07313,55.225468
11.372747,-6.6651096,7.5465236,-0.6407976,-0.27183503,1.3994923,5.9442053,11.582246,54.984806
10.722598,-6.5562553,7.50917,-0.68203104,-0.07941248,1.3371841,5.427472,12.053503,54.73774
9.6967,-5.9423647,6.96532,-0.7623598,0.045814894,1.3219124,4.680129,12.620562,54.592224
8.567714,-5.2667866,6.3668213,-0.84299403,0.10415252,1.3023647,4.035487,13.173355,54.372334
8.169532,-5.1431313,6.225696,-0.9288206,0.08246681,1.289842,3.4354491,13.722855,54.13929
7.899788,-5.1111274,6.161689,-1.0186177,-0.0012217305,1.2632693,2.8805344,14.263275,53.90958
7.669583,-5.257567,5.991042,-1.1175779,-0.11362094,1.2406673,2.403395,14.762313,53.687305
7.483788,-5.4212437,5.8229423,-1.2183707,-0.1777618,1.2379184,1.9468548,15.262487,53.47325
7.180299,-5.7643824,5.5197845,-1.2721269,-0.30787608,1.260215,1.461123,15.77244,53.282295
6.847763,-6.153924,5.182498,-1.3475688,-0.4373795,1.3106114,0.9747489,16.295612,53.101097
6.3389344,-6.4840045,4.879276,-1.3790283,-0.54183745,1.3744467,0.39379132,16.864124,52.921513
5.800069,-6.783375,4.598329,-1.3643675,-0.6356053,1.4150693,359.7996,17.430582,52.763065
5.1864157,-7.0178423,4.332003,-1.2819008,-0.75411314,1.4327844,359.05902,18.074007,52.60252
4.5479617,-7.226034,4.072921,-1.1997393,-0.8713993,1.4385877,358.30975,18.708914,52.452953
4.0422096,-7.3670673,3.833744,-1.1053606,-0.979217,1.4135422,357.474,19.392624,52.280647
3.6130903,-7.471223,3.6087687,-0.99265605,-1.0580186,1.3744467,356.64377,20.046522,52.121918
3.2627573,-7.4729624,3.3543987,-0.8921687,-1.0451905,1.3069462,355.8007,20.728848,51.91895
3.0343988,-7.289283,3.0317183,-0.80909103,-0.9621128,1.2379184,354.99554,21.375774,51.715958
2.9056852,-6.9791417,2.6936703,-0.76144356,-0.8002335,1.174083,354.21603,22.035976,51.464252
2.915109,-6.4891105,2.3308587,-0.71837753,-0.5656612,1.1160508,353.52762,22.659489,51.18101
2.9489827,-6.0001235,2.0128255,-0.66248333,-0.29138273,1.056186,352.90375,23.257183,50.875267
3.0290208,-5.468106,1.7444625,-0.61208695,-0.03848451,0.9960158,352.38354,23.827515,50.528446
3.1049793,-5.0259867,1.5422239,-0.571159,0.1872302,0.9379836,351.94263,24.337843,50.200863
3.2179163,-4.6089883,1.442318,-0.5323691,0.35033122,0.91354895,351.58282,24.829023,49.835144
3.346327,-4.1677837,1.3427361,-0.514654,0.44776422,0.9049969,351.2809,25.255856,49.509426
3.571385,-3.8817725,1.375557,-0.49449542,0.4877759,0.9230174,351.02142,25.672653,49.160984
3.820076,-3.5982196,1.4147056,-0.49480084,0.49388456,0.95722586,350.79858,26.034117,48.853065
4.066323,-3.574542,1.4762672,-0.4999932,0.47219884,0.97524637,350.5887,26.389336,48.54402
4.331342,-3.5772989,1.5450804,-0.5180137,0.41722095,0.9957104,350.39075,26.698132,48.278976
4.6330633,-3.756446,1.6393683,-0.5558874,0.3594942,1.0118983,350.19034,27.009073,48.019226
4.925546,-3.9438968,1.738507,-0.6093381,0.25686884,1.0192287,349.9648,27.30303,47.803596
5.1873665,-4.2618217,1.9114954,-0.6606508,0.106595986,1.0308352,349.71152,27.601599,47.608883
5.4533515,-4.58885,2.083907,-0.7156286,-0.09285152,1.0458013,349.39914,27.910746,47.455536
5.6803827,-4.9314604,2.178847,-0.766025,-0.3399465,1.0506883,349.0384,28.220558,47.34459
5.91576,-5.2866664,2.2772775,-0.7968737,-0.61727935,1.0497719,348.58813,28.563614,47.26345
6.199251,-5.697337,2.2571125,-0.786489,-0.8775079,1.0485502,348.07968,28.900417,47.2277
6.498763,-6.1272817,2.2039733,-0.75533485,-1.1099422,1.0338894,347.51175,29.226273,47.2434
6.7601953,-6.4607325,2.019432,-0.6795876,-1.2644911,1.0100657,346.85892,29.574102,47.27665
7.0156484,-6.7740235,1.7977179,-0.57696223,-1.3206906,0.98990715,346.17987,29.900242,47.33456
7.193356,-6.963513,1.5455649,-0.43401974,-1.2782356,0.95356065,345.43005,30.24236,47.404076
7.349744,-7.1199007,1.2879854,-0.2770274,-1.1508701,0.93676186,344.70172,30.556599,47.463154
7.4652314,-7.201133,1.1922756,-0.12797627,-0.9981538,0.8943067,343.93454,30.867805,47.534943
7.5683126,-7.2551274,1.1579151,-0.010079277,-0.84604836,0.84574294,343.22626,31.145653,47.584015
7.662167,-7.3670473,1.2644075,0.09590584,-0.67103547,0.7849618,342.51553,31.413128,47.63175
7.7553906,-7.502221,1.4228873,0.17195857,-0.46975538,0.7171558,341.88953,31.646225,47.657127
7.825629,-7.629202,1.6467985,0.1966986,-0.2678644,0.6462954,341.3227,31.85581,47.670223
7.8827252,-7.7481513,1.8942131,0.18478674,-0.16584991,0.5830709,340.8148,32.038403,47.678696
7.862185,-7.7770176,2.0948153,0.16157386,0.05681047,0.5525276,340.44125,32.21543,47.62118
7.80562,-7.763964,2.2732112,0.081855945,0.310625,0.4633413,340.15228,32.366055,47.569546
7.5841618,-7.7642455,2.461574,-0.020158553,0.5564982,0.3707952,339.97275,32.52127,47.46014
7.1820307,-7.7789574,2.6626394,-0.15210545,0.81306165,0.26725355,339.9136,32.66194,47.33077
6.889248,-7.8612914,2.7581203,-0.2773328,1.0464121,0.13408493,339.99298,32.784176,47.167816
6.6706266,-8.023071,2.7581203,-0.4251622,1.2412782,-0.0018325958,340.1737,32.898235,46.994827
6.4435573,-8.166199,2.7723727,-0.5571091,1.400714,-0.16401732,340.50424,33.02178,46.75785
6.1968684,-8.259289,2.8235724,-0.6808093,1.4798211,-0.3173445,340.90173,33.131702,46.533077
5.972405,-8.321417,2.8655462,-0.7834347,1.466382,-0.45081854,341.3444,33.272488,46.28118
5.8096123,-8.268903,2.876049,-0.86132,1.3622295,-0.5589417,341.81064,33.394753,46.062836
5.6968613,-8.172741,2.8127573,-0.8958339,1.1911873,-0.6310238,342.2861,33.538586,45.835815
5.680402,-8.077276,2.7074163,-0.8979719,0.9807441,-0.6957755,342.73544,33.66316,45.65834
5.6595874,-7.945802,2.5587494,-0.8775079,0.74464476,-0.75319684,343.13843,33.783386,45.513603
5.65487,-7.752397,2.2898693,-0.8304713,0.52412236,-0.78038037,343.4836,33.890217,45.411274
5.653344,-7.5432687,1.9969734,-0.75869465,0.34147367,-0.8017606,343.7452,33.971577,45.37561
5.67707,-7.3676963,1.7359867,-0.66981375,0.18875736,-0.8038987,343.945,34.039978,45.374054
5.700905,-7.1978126,1.4835441,-0.57726765,0.074830994,-0.7654142,344.0444,34.089558,45.431896
5.723373,-7.0854716,1.3172798,-0.48288897,-0.01282817,-0.7134906,344.09827,34.127327,45.506977
5.748302,-6.9717135,1.1469988,-0.37751472,-0.095294975,-0.6267477,344.0473,34.156273,45.623665
5.7989173,-6.967112,1.0963836,-0.28985557,-0.1255328,-0.5888741,343.9827,34.173588,45.743404
5.849806,-6.969643,1.0467128,-0.23884831,-0.17531833,-0.4529566,343.80417,34.215405,45.865658
5.8327613,-7.0463448,1.0765411,-0.14844026,-0.20005837,-0.40958515,343.63657,34.224323,45.999195
5.814756,-7.1273685,1.1080502,-0.076358154,-0.19364429,-0.34025195,343.40894,34.265186,46.10866
5.6987514,-7.2293725,1.2292237,-0.010995574,-0.17623462,-0.28405234,343.17026,34.30018,46.211773
5.5603995,-7.34387,1.3723457,0.034208454,-0.15577064,-0.25350907,342.92566,34.337143,46.30193
5.395587,-7.4864473,1.5416056,0.08857546,-0.11362094,-0.23671028,342.69,34.386658,46.360344
5.2065225,-7.6512737,1.7355186,0.11911872,-0.0693332,-0.23793201,342.46133,34.434513,46.411682
4.968107,-7.8071823,1.9458263,0.12736541,-0.02076942,-0.2556471,342.28802,34.501297,46.41168
4.7269635,-7.9527783,2.1505709,0.13622294,0.035430185,-0.2773328,342.1361,34.560825,46.404835
4.527599,-8.107116,2.381215,0.14385876,0.0720821,-0.31520647,342.0571,34.64123,46.342533
4.3459435,-8.265482,2.623422,0.1414153,0.08582657,-0.344528,341.9947,34.71686,46.27906
4.2657256,-8.39174,2.834118,0.13591751,0.07696902,-0.3894266,342.0195,34.812702,46.157627
4.2413893,-8.503688,3.033677,0.14966199,0.051923547,-0.42149702,342.04883,34.900494,46.04208
4.2957644,-8.515591,3.1866395,0.1777618,0.019547688,-0.44593164,342.15054,35.003563,45.87373
4.393273,-8.473802,3.316651,0.22296582,-0.021685716,-0.47983465,342.25125,35.090206,45.722725
4.524156,-8.390576,3.383211,0.2941316,-0.0580322,-0.4990769,342.39243,35.1717,45.547905
4.6747084,-8.280713,3.4035559,0.36468655,-0.09590584,-0.5137377,342.5262,35.238003,45.3892
4.8728156,-8.147371,3.4093895,0.46883908,-0.10720685,-0.52656585,342.69113,35.26203,45.24547
5.1932073,-7.95617,3.3732164,0.5702427,-0.112704635,-0.5183192,342.84305,35.277412,45.107246
5.477594,-7.7479763,3.339737,0.68508536,-0.11148291,-0.5198463,342.99817,35.234585,45.014126
5.749698,-7.4758725,3.3051054,0.73364913,-0.112399206,-0.5204572,343.14685,35.189915,44.921154
6.0518394,-7.110198,3.3483777,0.8524625,-0.1020145,-0.49693888,343.2746,35.072803,44.88833
6.4198623,-6.5786095,3.5119433,0.95905846,-0.10934488,-0.47250426,343.3934,34.953083,44.858574
6.7787414,-6.053595,3.6780787,1.0458013,-0.12705997,-0.43554693,343.49158,34.765507,44.89228
6.8964915,-5.785124,3.8287992,1.1029172,-0.160963,-0.4111123,343.57532,34.574295,44.92654
7.0123,-5.5100265,3.9831014,1.1575897,-0.19242255,-0.37812558,343.70587,34.23101,45.068523
7.035037,-5.337227,4.078596,1.1780536,-0.24281894,-0.355829,343.80685,33.899277,45.21333
7.056963,-5.1207275,4.201792,1.1951579,-0.28527406,-0.34147367,343.9582,33.49791,45.391724
7.0535436,-4.997639,4.2804317,1.1808025,-0.34483343,-0.34697145,344.07413,33.115192,45.577015
7.0490675,-4.8364916,4.383387,1.1597277,-0.4098906,-0.37140608,344.2088,32.7089,45.782986
7.036332,-4.7032924,4.403886,1.1325442,-0.4728097,-0.39187005,344.31308,32.321556,45.994843
7.022807,-4.57706,4.4129024,1.0913107,-0.5119051,-0.42241332,344.40228,31.946337,46.21696
7.027562,-4.506286,4.4110265,1.0317514,-0.5448918,-0.45173484,344.51495,31.554993,46.45649
7.037175,-4.453417,4.40622,0.9605856,-0.5705481,-0.4877759,344.6171,31.177591,46.70432
7.0500164,-4.40676,4.346326,0.883922,-0.573297,-0.52656585,344.74115,30.789068,46.96955
7.063794,-4.360834,4.2728443,0.8249735,-0.5561928,-0.550695,344.8595,30.417683,47.233864
7.0838213,-4.318822,4.2069163,0.7690793,-0.5314528,-0.5900958,344.9985,30.04196,47.512486
7.1068854,-4.277307,4.1423373,0.7086037,-0.4810564,-0.6261369,345.14764,29.684048,47.780163
7.18767,-4.2067437,4.059658,0.6627888,-0.4279111,-0.64751714,345.3031,29.316628,48.059517
7.2768855,-4.1387696,3.987436,0.6236934,-0.40286562,-0.6545421,345.46286,28.964903,48.331547
7.371982,-4.0933676,3.930084,0.6114761,-0.32620203,-0.66737026,345.64734,28.608164,48.598785
7.4643593,-4.068174,3.8880944,0.59315014,-0.25045475,-0.6792821,345.83276,28.268728,48.854897
7.561877,-4.038049,3.8608909,0.5729916,-0.17806722,-0.6914995,346.03204,27.910236,49.12858
7.668344,-3.9981241,3.8653271,0.55955255,-0.11362094,-0.6945538,346.2446,27.564999,49.381516
7.7782125,-3.9608607,3.86903,0.550695,-0.050701816,-0.6963864,346.46298,27.211582,49.63978
7.8899875,-3.9399028,3.86903,0.54550266,-0.009773844,-0.6948592,346.68582,26.87162,49.88179
8.003577,-3.9186049,3.86903,0.54183745,0.026267206,-0.68783426,346.91608,26.526594,50.125114
8.138016,-3.8657918,3.8821497,0.5314528,0.06352998,-0.6783658,347.1494,26.195988,50.35161
8.292438,-3.7794971,3.9094005,0.5311473,0.09865474,-0.6563747,347.37827,25.880407,50.560284
8.379471,-3.705754,3.937938,0.5342017,0.13713925,-0.6377433,347.60968,25.552277,50.777946
8.351921,-3.6506548,3.9700792,0.53786683,0.15241088,-0.62858033,347.8323,25.238205,50.983887
8.323054,-3.5907304,4.005583,0.54550266,0.15607607,-0.623388,348.06595,24.901503,51.205433
8.288193,-3.512293,4.053517,0.5656612,0.14110987,-0.62125,348.2882,24.57532,51.41954
8.253064,-3.4350739,4.0993013,0.57940567,0.12064589,-0.61911196,348.5327,24.243326,51.627037
8.21515,-3.381994,4.1068845,0.59498274,0.09193522,-0.6084218,348.75793,23.921936,51.830944
8.171571,-3.320983,4.1156,0.6169739,0.065973446,-0.5983425,349.0025,23.590273,52.029037
8.144938,-3.2774138,4.1301107,0.63071835,0.030543262,-0.59620446,349.22607,23.26921,52.22876
8.118077,-3.228168,4.152495,0.643852,0.018020526,-0.59681535,349.4382,22.957392,52.421932
8.098491,-3.1794748,4.1798587,0.6640105,0.0033597588,-0.59864795,349.6531,22.639263,52.61694
8.089658,-3.1308904,4.2151933,0.66889745,-0.012217305,-0.59712076,349.85522,22.332434,52.80886
8.089186,-3.086948,4.257367,0.68752885,-0.009773844,-0.6038403,350.0783,22.01448,52.995327
8.116741,-3.059392,4.3216643,0.70096785,-0.004276057,-0.6047566,350.2872,21.70852,53.177917
8.1438465,-3.0305068,4.3961835,0.7128797,0.0012217305,-0.6087272,350.52817,21.387632,53.35853
8.162845,-3.002009,4.5006766,0.7098254,0.0012217305,-0.61727935,350.64673,21.232916,53.446266
8.18422,-2.970884,4.60042,0.70432764,0.0036651916,-0.63194007,350.7692,21.073124,53.53688
8.212366,-2.9333553,4.6660957,0.68600166,0.016798794,-0.62949663,351.02393,20.76223,53.702236
8.243206,-2.8985934,4.732493,0.66431594,0.033292156,-0.634689,351.31854,20.44214,53.85696
8.284942,-2.8800445,4.7974143,0.6429357,0.045814894,-0.6258314,351.59973,20.13919,54.00171
8.325004,-2.8616264,4.8609576,0.623388,0.061086524,-0.6267477,351.91534,19.8276,54.13911
8.354024,-2.8422792,4.9189997,0.5983425,0.076358154,-0.6068946,352.21252,19.537445,54.26388
8.377225,-2.8183348,4.9809074,0.5513059,0.07849618,-0.5919284,352.5235,19.248549,54.37983
8.359725,-2.770211,5.05528,0.52473325,0.080634214,-0.5876524,352.82474,18.972275,54.486496
8.338423,-2.716025,5.13398,0.50335294,0.08002335,-0.60231316,353.14307,18.697866,54.589237
8.293722,-2.659134,5.146171,0.47158796,0.07269296,-0.5910121,353.43756,18.445349,54.68439
8.245303,-2.597511,5.159376,0.4334089,0.05375614,-0.59864795,353.7756,18.180473,54.77826
8.14632,-2.558428,5.1189833,0.4025602,0.044593163,-0.589485,354.092,17.93495,54.86339
8.035933,-2.5248313,5.066189,0.3680463,0.049785517,-0.57635134,354.39847,17.703075,54.94645
7.9602365,-2.5187001,5.0173416,0.3381139,0.04337143,-0.571159,354.7084,17.47285,55.02702
7.8946447,-2.5187001,4.9710417,0.31978795,0.035124753,-0.57451874,355.00763,17.254824,55.10274
7.8239555,-2.5096295,4.921677,0.30940324,0.03756821,-0.56107974,355.3143,17.038837,55.169895
7.745759,-2.485193,4.8679166,0.28985557,0.051618114,-0.550695,355.6149,16.832676,55.23396
7.677131,-2.4605336,4.8157225,0.29016098,0.05009095,-0.5314528,355.91302,16.625063,55.29429
7.621731,-2.4353516,4.7653584,0.2837469,0.03940081,-0.50640726,356.19577,16.43228,55.34837
7.5944076,-2.3874552,4.7452497,0.2846632,0.027794369,-0.49602258,356.48538,16.234041,55.401764
7.5944076,-2.3151462,4.754891,0.27916542,0.018936822,-0.48166725,356.7513,16.0513,55.450684
7.6008973,-2.2511592,4.755347,0.2782491,0.0076358155,-0.46395215,357.0124,15.867695,55.50357
7.6139727,-2.1945002,4.74663,0.28680122,-0.0061086523,-0.4456262,357.25568,15.693276,55.555027
7.640276,-2.1563396,4.729614,0.28069258,-0.025961773,-0.41813725,357.49927,15.515235,55.609146
7.6970997,-2.1615055,4.6934533,0.27091873,-0.03481932,-0.3998113,357.72995,15.344721,55.66069
7.7666264,-2.1743963,4.659429,0.2678644,-0.04337143,-0.37690386,357.9492,15.172427,55.718628
7.856641,-2.198084,4.6262655,0.27672195,-0.032375857,-0.36896262,358.16196,15.006244,55.771477
7.942188,-2.215584,4.6014314,0.27305678,-0.040927973,-0.35643986,358.35504,14.842358,55.836403
8.026836,-2.2244945,4.588066,0.28038713,-0.045814894,-0.34697145,358.5424,14.682119,55.89521
8.11142,-2.2243893,4.5827184,0.29046643,-0.069027774,-0.3390302,358.70993,14.52238,55.973175
8.207567,-2.1889665,4.6080203,0.29932398,-0.081855945,-0.321926,358.864,14.371383,56.04546
8.293185,-2.1490633,4.6361866,0.312763,-0.09865474,-0.30848694,359.0044,14.215733,56.13422
8.356176,-2.0978832,4.671619,0.3222314,-0.122783914,-0.2929099,359.12585,14.068944,56.22373
8.421662,-2.0446763,4.7084546,0.32528573,-0.14813483,-0.2828306,359.25885,13.90591,56.322968
8.500324,-1.9799609,4.7417383,0.32467487,-0.18173242,-0.28313604,359.3768,13.748417,56.42776
8.589345,-1.9066503,4.7783937,0.3295618,-0.20738874,-0.27885997,359.479,13.598116,56.533134
8.682013,-1.8534324,4.813728,0.34300083,-0.23335053,-0.28985557,359.60428,13.428484,56.656265
8.782971,-1.7957414,4.8521886,0.34025195,-0.27183503,-0.2941316,359.71097,13.268353,56.78527
8.857415,-1.7249563,4.8642287,0.33353242,-0.28924468,-0.29810223,359.8352,13.092203,56.921864
8.927839,-1.6545321,4.8736186,0.30818152,-0.2950479,-0.3118467,359.9552,12.921241,57.063873
8.982897,-1.5951349,4.8442173,0.28680122,-0.30024028,-0.3277292,0.08896947,12.738314,57.21828
9.034032,-1.5393507,4.8116765,0.25778514,-0.28069258,-0.3368922,0.22495306,12.564208,57.36475
9.069115,-1.4955057,4.738077,0.20952678,-0.25686884,-0.34788775,0.3885923,12.378269,57.524227
9.090475,-1.4680419,4.686201,0.1863139,-0.21930063,-0.3567453,0.55697215,12.197207,57.671455
9.095877,-1.4310979,4.603084,0.13133603,-0.17501289,-0.35155296,0.7274633,12.020582,57.816563
9.061761,-1.387236,4.481246,0.0870483,-0.14019357,-0.3622431,0.90996605,11.845599,57.95289
9.044906,-1.3599066,4.3862615,0.05222898,-0.10629055,-0.364992,1.0974507,11.671723,58.09398
9.057276,-1.3599066,4.332659,-0.00061086525,-0.07696902,-0.35888332,20.060898,11.511966,58.22307
9.068943,-1.3634242,4.2776084,-0.03756821,-0.04917465,-0.3463606,20.076723,11.354402,58.35743
9.063977,-1.4230142,4.2229843,-0.07147124,-0.021685716,-0.3213151,20.099335,11.213601,58.478065
9.058176,-1.4807589,4.169557,-0.099265605,-0.021685716,-0.31703907,20.116486,11.144924,58.538258
9.048642,-1.5188957,4.13142,-0.12095132,0.009468411,-0.30451632,20.133823,11.075503,58.599102
9.041117,-1.5575578,4.101319,-0.14172074,0.017104227,-0.28710666,20.163366,10.948945,58.712646
9.045622,-1.6026098,4.11934,-0.15027285,0.030543262,-0.27855456,20.197672,10.835766,58.816063
9.051301,-1.6487341,4.139313,-0.15210545,0.021991149,-0.25595254,20.228695,10.735449,58.919605
9.069741,-1.6717855,4.171585,-0.15485434,0.014660766,-0.25228736,20.261648,10.637126,59.017296
9.088193,-1.6970524,4.206176,-0.1591304,0.006414085,-0.22907446,20.288664,10.554734,59.10481
9.083426,-1.7447215,4.253845,-0.15393804,0.0030543262,-0.20952678,20.31235,10.474151,59.190353
9.078121,-1.792593,4.2986026,-0.15332718,0.0027488936,-0.18967366,20.337826,10.40108,59.26917
9.070192,-1.8124136,4.282746,-0.1518,0.002443461,-0.17531833,20.358177,10.33295,59.34516
9.061999,-1.8328955,4.2663603,-0.16707164,0.0143553335,-0.16279559,20.389427,10.272353,59.40674
9.04643,-1.8618991,4.2649865,-0.17562376,0.03573562,-0.15088372,20.415222,10.216008,59.46256
9.028212,-1.8937798,4.269541,-0.17134771,0.06291912,-0.14019357,20.438578,10.16457,59.51073
8.97631,-1.9379574,4.293777,-0.17745635,0.095294975,-0.14049901,20.46358,10.115988,59.5496
8.909655,-1.9855685,4.3271046,-0.17715092,0.11942416,-0.14049901,20.483334,10.0702095,59.58109
8.836776,-2.02996,4.360388,-0.17684549,0.13469578,-0.1386664,20.508684,10.020555,59.601387
8.760534,-2.0728452,4.393743,-0.18387043,0.15149458,-0.13622294,20.53475,9.973752,59.613976
8.681775,-2.109268,4.4391546,-0.18478674,0.1695151,-0.14019357,20.56896,9.933154,59.610184
8.600764,-2.1426253,4.4915733,-0.19792034,0.17073683,-0.1432479,20.606462,9.897523,59.605755
8.527293,-2.1547816,4.5165358,-0.19730948,0.16920967,-0.1414153,20.644838,9.865583,59.581825
8.453266,-2.1547816,4.5264063,-0.19730948,0.17134771,-0.15088372,20.687965,9.833323,59.55806
8.382748,-2.1811597,4.5588455,-0.204029,0.16982053,-0.15271631,20.744595,9.81032,59.5211
8.306737,-2.2258716,4.6080284,-0.20189096,0.15790866,-0.15363261,20.799488,9.7853155,59.487415
8.238088,-2.2567103,4.6331205,-0.20066923,0.13683382,-0.16157386,20.863283,9.754782,59.45032
8.180261,-2.270055,4.6286726,-0.1966986,0.1255328,-0.16035213,20.923624,9.727099,59.413223
8.115608,-2.2839072,4.607089,-0.19181168,0.118202426,-0.16890424,20.9892,9.697601,59.3623
8.033585,-2.2992864,4.545572,-0.17806722,0.118507855,-0.17195857,21.049753,9.669456,59.312134
7.950361,-2.3202424,4.4943666,-0.17928895,0.11178834,-0.1740966,21.12196,9.643075,59.26369
7.8648987,-2.3487298,4.4563837,-0.16584991,0.1001819,-0.17348573,21.18641,9.614161,59.21683
7.784635,-2.3767362,4.426552,-0.15332718,0.0983493,-0.18753563,21.25643,9.581617,59.17245
7.708228,-2.4053886,4.40745,-0.13072516,0.09560041,-0.20372356,21.320047,9.546872,59.13175
7.645707,-2.4421678,4.3922567,-0.110872045,0.08674286,-0.21471913,21.388235,9.515049,59.09214
7.6039624,-2.493189,4.3829803,-0.09590584,0.081855945,-0.22388211,21.45341,9.4787855,59.053574
7.5658913,-2.5407605,4.370359,-0.08735373,0.064446285,-0.23793201,21.518373,9.444189,59.015797
7.5344844,-2.582636,4.349421,-0.057421334,0.056199603,-0.25381452,21.5755,9.403373,58.977947
7.5163093,-2.6063755,4.3115816,-0.04184427,0.05009095,-0.26939157,21.646467,9.364408,58.94312
7.511859,-2.6108258,4.2314777,-0.038789943,0.054061573,-0.2883284,21.715305,9.320062,58.909363
7.515708,-2.6097012,4.1611433,-0.029321533,0.043982297,-0.30390546,21.783823,9.272234,58.880646
7.554991,-2.5847027,4.136145,-0.022296581,0.03970624,-0.3173445,21.853813,9.222186,58.85051
7.5940485,-2.559848,4.1112905,-0.0061086523,0.03573562,-0.32467487,21.919281,9.168835,58.83788
7.6373825,-2.5259917,4.096491,0.0076358155,0.038789943,-0.3323107,21.984655,9.113486,58.825123
7.6777244,-2.489684,4.092457,0.041233405,0.03756821,-0.34055737,22.04154,9.053129,58.814713
7.7321334,-2.4447265,4.1065955,0.0571159,0.027183503,-0.34391713,22.101397,8.988019,58.821342
7.8263917,-2.37647,4.1781025,0.06872234,0.0143553335,-0.3454443,22.154062,8.919561,58.828743
7.9202533,-2.3085015,4.2493076,0.10445796,0.008246681,-0.3539964,22.197668,8.834737,58.846077
7.999313,-2.2614882,4.306795,0.11209377,-0.014049901,-0.35918877,22.243633,8.755417,58.8702
8.045386,-2.2666073,4.3323917,0.13041973,-0.04062254,-0.37415496,22.28028,8.667703,58.897793
8.074986,-2.267965,4.3530846,0.14385876,-0.0711658,-0.38881573,22.318409,8.563012,58.936535
8.079676,-2.2632754,4.367154,0.1600467,-0.080634214,-0.3930918,22.350773,8.457722,58.97581
8.084282,-2.2615833,4.364945,0.16829337,-0.08674286,-0.40286562,22.38406,8.346188,59.02258
8.089158,-2.26646,4.325933,0.15821409,-0.09040806,-0.42119157,22.418457,8.235457,59.070797
8.094972,-2.264563,4.2948465,0.15454891,-0.081855945,-0.43554693,22.448456,8.125517,59.114532
8.103395,-2.247715,4.277998,0.14660765,-0.06994407,-0.4447099,22.482504,8.018,59.157864
8.113914,-2.2304525,4.255546,0.14813483,-0.053145275,-0.44837508,22.513153,7.9103565,59.203186
8.137299,-2.2210984,4.1947446,0.12980886,-0.022602014,-0.4605924,22.55177,7.805827,59.241264
8.161218,-2.2116497,4.1318455,0.121256754,0.006414085,-0.46181414,22.586548,7.695267,59.278454
8.174406,-2.2072535,4.0922794,0.10567969,0.042760566,-0.46944994,22.628828,7.5874434,59.305183
8.189045,-2.2024906,4.0502887,0.09132435,0.0842994,-0.47891834,22.673027,7.476845,59.33669
8.207315,-2.1988363,4.0356727,0.09315695,0.12003502,-0.48716503,22.716496,7.368239,59.358875
8.226706,-2.1949582,4.0201597,0.10170906,0.14966199,-0.49296826,22.763235,7.2602205,59.38185
8.251116,-2.1905785,4.0101714,0.10048734,0.17837265,-0.50915617,22.813208,7.1523647,59.39537
8.280562,-2.1856706,4.005264,0.112704635,0.18417588,-0.51159966,22.855246,7.0470104,59.405586
8.319284,-2.183512,4.0288754,0.115453534,0.20525073,-0.5216789,22.903557,6.9327197,59.41049
8.365754,-2.183512,4.0753446,0.1386664,0.2098322,-0.53786683,22.943954,6.8155065,59.418114
8.430253,-2.1642318,4.1350236,0.14874569,0.204029,-0.54702985,22.985718,6.697131,59.42585
8.512195,-2.1256714,4.2073245,0.1872302,0.18234327,-0.5494733,23.01523,6.573153,59.436672
8.5920105,-2.0536687,4.2780113,0.20525073,0.16798794,-0.5564982,23.05904,6.4425716,59.44669
8.670364,-1.9491963,4.3476596,0.23304509,0.15332718,-0.5503896,23.088242,6.312151,59.461296
8.773635,-1.8065864,4.4105034,0.24740042,0.11178834,-0.5342017,23.125633,6.172929,59.488056
8.927512,-1.5860281,4.4566665,0.25900686,0.09010262,-0.50640726,23.15279,6.039423,59.51127
9.071197,-1.3464077,4.492191,0.26816985,0.0888809,-0.46944994,23.172598,5.8948836,59.53995
9.227881,-1.033038,4.519205,0.28069258,0.109650314,-0.43249258,23.183167,5.7600555,59.565674
9.36351,-0.8093572,4.550975,0.28252518,0.122783914,-0.38698313,23.180714,5.6093736,59.61013
9.560441,-0.54209405,4.6072407,0.2828306,0.10170906,-0.34300083,23.16923,5.4709735,59.655136
9.7545805,-0.30363232,4.674253,0.28344148,0.058643065,-0.29443705,23.137848,5.3028865,59.72226
9.953237,-0.11308436,4.7675,0.29229903,0.004886922,-0.23396139,23.095297,5.1529636,59.79375
10.167809,0.091975264,4.8687363,0.29657507,-0.059253927,-0.17654006,23.041395,4.980036,59.904892
10.311056,0.21351856,4.9468713,0.29443705,-0.12889257,-0.13041973,22.979177,4.824603,60.027348
10.45672,0.34184542,5.0345883,0.27855456,-0.20280726,-0.098043874,22.905067,4.6547685,60.181423
10.18701,0.17587017,4.997244,0.2510656,-0.23548855,-0.09162979,22.831514,4.4974627,60.338165
9.882225,-0.011689838,4.9550433,0.19486602,-0.24281894,-0.094989546,22.758863,4.327486,60.506264
9.700983,-0.10372057,4.886932,0.15027285,-0.23701571,-0.09285152,22.688604,4.168514,60.67404
9.533301,-0.18561167,4.8167396,0.12034045,-0.19883664,-0.07513642,22.626806,4.02376,60.828976
9.371837,-0.24807364,4.7707243,0.06841691,-0.15760323,-0.06352998,22.602882,3.9153557,60.946747
9.220519,-0.2869837,4.753431,0.025350908,-0.10476339,-0.054061573,22.581438,3.8172007,61.04652
9.0799,-0.3108516,4.7336087,-0.0143553335,-0.032375857,-0.03359759,22.576372,3.7413242,61.114655
9.021062,-0.2998195,4.7188993,-0.06811147,-0.016798794,-0.02565634,22.585197,3.6749177,61.182026
8.947894,-0.28569922,4.703416,-0.07696902,-0.0015271631,-0.01282817,22.600498,3.613756,61.211903
8.881246,-0.2690372,4.7159123,-0.082161374,0.01282817,-0.0021380284,22.626446,3.5627618,61.236374
8.814611,-0.2523785,4.7284064,-0.1001819,0.017104227,0.005497787,22.65873,3.5127373,61.25407
8.739823,-0.25980794,4.7309427,-0.11453723,0.004886922,0.016798794,22.688478,3.468236,61.271236
8.662359,-0.2734781,4.7309427,-0.11056661,-0.009468411,0.01160644,22.718548,3.422981,61.287514
8.590206,-0.29275054,4.7099104,-0.11942416,-0.023518313,0.013439035,22.756062,3.3828032,61.296722
8.518531,-0.3151489,4.6785526,-0.11881329,-0.03634648,0.008246681,22.791061,3.3391979,61.309555
8.462081,-0.37155122,4.6460395,-0.116980694,-0.047036625,0.0067195175,22.829977,3.2961848,61.315125
8.417099,-0.46151662,4.6110525,-0.10170906,-0.06505715,-0.009162978,22.867197,3.247838,61.326603
8.388935,-0.56002337,4.5596495,-0.08552113,-0.08124508,-0.015882496,22.902107,3.2040684,61.336105
8.372213,-0.6645389,4.49694,-0.06658431,-0.0888809,-0.024129177,22.934044,3.1549861,61.348324
8.351315,-0.76358837,4.4331994,-0.057726767,-0.08124508,-0.02687807,22.96613,3.1095052,61.35589
8.318697,-0.8560031,4.3625298,-0.034208454,-0.08032878,-0.03756821,22.991295,3.0569413,61.367523
8.321011,-0.9342665,4.307214,-0.018325957,-0.081855945,-0.04428773,23.014978,3.0149715,61.3805
8.36821,-1.0239443,4.250575,-0.014660766,-0.079107046,-0.04550946,23.035892,2.9715765,61.391693
8.417844,-1.099703,4.2108746,-0.009162978,-0.046731193,-0.045814894,23.050688,2.9297705,61.39622
8.474068,-1.1516024,4.2022247,0.0012217305,-0.03268129,-0.05100725,23.063652,2.886594,61.404957
8.52776,-1.1949002,4.198493,0.007941248,-0.017104227,-0.04428773,23.073957,2.8517234,61.412918
8.568765,-1.1743975,4.234372,0.014049901,-0.02687807,-0.050701816,23.083979,2.8121395,61.424397
8.601005,-1.151571,4.276124,0.025961773,-0.014660766,-0.057726767,23.09093,2.778994,61.43076
8.605204,-1.1221812,4.334904,0.028099801,-0.013133603,-0.060170226,23.098656,2.7468958,61.442696
8.615515,-1.0891311,4.399095,0.040927973,-0.018020526,-0.062308256,23.099045,2.7118292,61.451683
8.709984,-1.0475649,4.4519973,0.043066,-0.009468411,-0.082161374,23.104156,2.6739771,61.456856
8.810234,-1.0034547,4.5081377,0.0571159,-0.0070249503,-0.07513642,23.100857,2.6340015,61.453384
8.877227,-0.9735665,4.542674,0.065973446,-0.005192355,-0.04917465,23.098265,2.5957696,61.44788
8.922689,-0.9529018,4.5633388,0.061391957,-0.00030543262,-0.026572637,23.094921,2.5598707,61.44097
8.967757,-0.93583846,4.580402,0.076358154,0.016493361,-0.030543262,23.083694,2.513356,61.432686
9.009811,-0.92742753,4.588813,0.082161374,0.038789943,-0.03176499,23.072435,2.4763637,61.421116
9.05368,-0.9188199,4.5971437,0.08460484,0.053145275,-0.025350908,23.055845,2.438088,61.409313
9.10694,-0.9106261,4.6012406,0.08857546,0.06994407,-0.017104227,23.037645,2.4003232,61.39107
9.162617,-0.9020605,4.6055236,0.087964594,0.093767814,-0.01282817,23.021082,2.3626025,61.371597
9.144203,-0.9103457,4.545689,0.09407325,0.10842858,-0.0421497,23.005814,2.318287,61.35129
9.106155,-0.9230283,4.469593,0.086132,0.11881329,-0.043982297,22.990168,2.2851615,61.325497
9.113771,-0.9314885,4.411217,0.0852157,0.12095132,-0.027488936,22.968157,2.2437925,61.301983
9.16049,-0.9361603,4.3691707,0.086437434,0.13836098,-0.035430185,22.951721,2.1981378,61.272667
9.158981,-0.9687381,4.3327646,0.07880162,0.1414153,-0.027183503,22.928963,2.1647303,61.25613
9.108839,-1.0289084,4.30268,0.064751714,0.15088372,-0.00030543262,22.906473,2.1360266,61.233406
9.044618,-1.0709573,4.302082,0.058948494,0.16035213,-0.0021380284,22.882244,2.1050494,61.222923
8.973725,-1.0993145,4.3209867,0.05009095,0.16676621,-0.0021380284,22.858765,2.0843468,61.210556
8.890681,-1.125652,4.338545,0.051618114,0.17012598,0.0009162979,22.84107,2.0678027,61.19601
8.800324,-1.150295,4.354974,0.052534413,0.16371189,0.00061086525,22.826574,2.052296,61.183075
8.706026,-1.1763767,4.377699,0.05222898,0.17379116,0.004886922,22.812874,2.0493028,61.1545
8.598734,-1.2070316,4.418572,0.045814894,0.17165314,0.012217305,22.800535,2.0479686,61.131954
8.519533,-1.2228532,4.4540615,0.038789943,0.16982053,0.008857546,22.796654,2.047886,61.092873
8.478676,-1.2137736,4.4858403,0.035430185,0.1704314,0.0076358155,22.792595,2.0506785,61.05453
8.440424,-1.1993039,4.5138364,0.023823744,0.16798794,0.017104227,22.804512,2.0641599,61.004692
8.411513,-1.165575,4.528291,0.005192355,0.15882497,0.021991149,22.820105,2.0776026,60.957794
8.383907,-1.1374897,4.543707,-0.015577064,0.16523905,0.018936822,22.835756,2.0937576,60.8962
8.359467,-1.1277134,4.5632596,-0.03390302,0.16340645,0.022907447,22.854021,2.1148899,60.84052
8.348512,-1.1133735,4.5883827,-0.034208454,0.17256944,0.03756821,22.87134,2.1375775,60.77747
8.362338,-1.0995471,4.6091223,-0.058643065,0.17592919,0.044593163,22.899832,2.164902,60.717827
8.380132,-1.0813277,4.6362386,-0.073303826,0.16554448,0.044593163,22.925463,2.191349,60.654743
8.38943,-1.0627316,4.659484,-0.08399397,0.16187929,0.055588737,22.953682,2.2246153,60.58964
8.400059,-1.043872,4.683358,-0.071776666,0.15577064,0.05955936,22.977,2.2520227,60.525387
8.418116,-1.043872,4.6878724,-0.06994407,0.14935656,0.06566802,23.003698,2.285028,60.463192
8.437803,-1.0440842,4.6924233,-0.06627888,0.12522738,0.08093964,23.025738,2.3169684,60.40663
8.45119,-1.0485464,4.687961,-0.03848451,0.11026118,0.08307768,23.042496,2.3428988,60.350636
8.464689,-1.0530457,4.6834617,-0.03145956,0.08857546,0.07971791,23.060068,2.3717449,60.304214
8.478897,-1.0751137,4.6873918,-0.002443461,0.057726767,0.086132,23.063871,2.3959053,60.265396
8.493401,-1.0992876,4.6922264,0.011301007,0.04184427,0.083383106,23.071735,2.4175465,60.229645
8.4863615,-1.0806658,4.6843686,0.031154128,0.030848695,0.08124508,23.071495,2.433033,60.20376
8.477169,-1.0576861,4.675177,0.07269296,0.026267206,0.07727446,23.063433,2.4419732,60.181236
8.461639,-1.0361553,4.687317,0.08582657,0.022296581,0.0711658,23.057062,2.4525182,60.16071
8.441599,-1.0111048,4.707357,0.11362094,0.035124753,0.064446285,23.038023,2.453791,60.13744
8.418088,-1.0007949,4.733253,0.13255776,0.03604105,0.06352998,23.015532,2.447381,60.1188
8.384212,-0.9923259,4.7713637,0.13897185,0.04917465,0.06047566,22.991253,2.4369428,60.094055
8.356303,-0.97649443,4.820647,0.16279559,0.056505036,0.06078109,22.960056,2.417161,60.066803
8.342576,-0.94446725,4.8938518,0.16310102,0.06352998,0.052839845,22.935497,2.3976583,60.037193
8.328246,-0.9166926,4.969975,0.17684549,0.06169739,0.050701816,22.905846,2.3760793,59.999054
8.309816,-0.90287024,5.066732,0.17195857,0.05955936,0.046120327,22.883081,2.355313,59.96055
8.293514,-0.90085983,5.15418,0.15790866,0.06505715,0.04642576,22.861258,2.33543,59.90883
8.293514,-0.9852695,5.169527,0.14752395,0.06719518,0.043066,22.84184,2.3145354,59.860397
8.293514,-1.0678732,5.184546,0.1441642,0.0580322,0.055283304,22.82634,2.3024926,59.796764
8.2767,-1.0649034,5.1738157,0.13439035,0.05100725,0.086132,22.813486,2.2973485,59.7334
8.248732,-1.004305,5.145847,0.10781772,0.04428773,0.06536258,22.812176,2.2859104,59.675167
8.253802,-0.9438717,5.1027412,0.09254608,0.044593163,0.021685716,22.821035,2.288376,59.613155
8.28678,-0.88262606,5.046207,0.077579886,0.04428773,0.02687807,22.832539,2.3016548,59.55405
8.281123,-0.8376908,5.0036016,0.065973446,0.051923547,0.023823744,22.849922,2.2960043,59.49846
8.238258,-0.80911404,4.975025,0.035124753,0.045814894,0.027794369,22.873964,2.2987578,59.447792
8.183959,-0.8010514,4.948433,0.01985312,0.04550946,0.023823744,22.88883,2.2883105,59.408276
8.118416,-0.81334066,4.9238544,0.0067195175,0.03970624,0.017104227,22.910475,2.2827976,59.372852
8.064466,-0.8307647,4.896961,-0.006414085,0.023518313,0.0143553335,22.933224,2.2747421,59.34161
8.069511,-0.8761674,4.856603,-0.006414085,0.01740966,0.020463986,22.955448,2.2677562,59.309734
8.074427,-0.9156921,4.8243527,0.004886922,0.036651913,0.024129177,22.978882,2.2552338,59.26922
8.079327,-0.9401904,4.8145533,-0.004276057,0.04062254,0.030543262,23.005747,2.2484503,59.235188
8.090729,-0.9642672,4.8009706,0.0070249503,0.050701816,0.034513887,23.023176,2.2450109,59.20027
8.118488,-0.98740023,4.7778373,0.0143553335,0.06169739,0.039095376,23.042603,2.2454426,59.164394
8.1463785,-1.0065802,4.760689,0.01038471,0.08277224,0.044593163,23.06016,2.2509327,59.124187
8.174604,-1.0112846,4.7653933,0.009773844,0.09987647,0.036957346,23.076443,2.2528515,59.08291
8.202639,-1.0159569,4.775773,0.026267206,0.12736541,0.03756821,23.08522,2.2577665,59.03855
8.227363,-1.0200777,4.808739,0.03604105,0.13805555,0.03726278,23.097178,2.2617085,58.995144
8.253097,-1.0243665,4.84305,0.03940081,0.15271631,0.03634648,23.103115,2.26471,58.944393
8.291367,-1.0247183,4.9001045,0.042455133,0.15271631,0.039095376,23.1066,2.2673001,58.89588
8.333111,-1.0240735,4.962559,0.04550946,0.15210545,0.03848451,23.110306,2.2685304,58.844696
8.36596,-1.0076491,5.007726,0.058948494,0.13316862,0.033292156,23.104998,2.2660627,58.792213
8.400587,-0.99033594,5.0553374,0.05681047,0.11789699,0.021685716,23.104828,2.2704844,58.73636
8.425558,-0.97956276,5.096948,0.06383542,0.093462385,0.029932396,23.097525,2.275266,58.689636
8.447632,-0.9707333,5.136681,0.051618114,0.07727446,0.025961773,23.099512,2.2775724,58.646683
8.4534235,-0.9672575,5.1523223,0.055283304,0.06383542,0.030543262,23.091446,2.2805996,58.605896
8.4485235,-0.9672575,5.1523223,0.043676864,0.054061573,0.023823744,23.092783,2.2841394,58.570087
8.437851,-0.973186,5.1256437,0.03573562,0.034208454,0.025350908,23.091757,2.2961144,58.53976
8.4238205,-0.9825401,5.0835505,0.03145956,0.029321533,0.025961773,23.094091,2.3072128,58.50893
8.395197,-0.983559,5.0632787,0.026267206,0.03390302,0.025045475,23.096344,2.3164463,58.47904
8.356139,-0.97867674,5.0583963,0.018325957,0.050701816,0.022907447,23.1006,2.3264368,58.447746
8.3187895,-0.9683557,5.0424232,-0.0036651916,0.043676864,0.020158553,23.107859,2.3390586,58.427475
8.282622,-0.9547932,5.019819,-0.010995574,0.04428773,0.02321288,23.113096,2.3514643,58.400814
8.2438965,-0.94810385,4.997066,-0.022907447,0.042455133,0.028099801,23.118956,2.3673077,58.371296
8.203659,-0.94810385,4.974712,-0.02565634,0.04520403,0.030848695,23.124416,2.3828802,58.340977
8.16807,-0.94635,4.9537706,-0.036651913,0.05100725,0.0290161,23.128689,2.3970742,58.30807
8.140668,-0.9417831,4.935503,-0.0290161,0.037873644,0.03481932,23.127777,2.4111273,58.28029
8.109974,-0.94410616,4.9224787,-0.034208454,0.028405234,0.03634648,23.132954,2.4285176,58.25008
8.0710125,-0.9635868,4.9224787,-0.036957346,0.021380283,0.03268129,23.135859,2.4441507,58.223568
8.033848,-0.9829314,4.924003,-0.03848451,0.020463986,0.03390302,23.132998,2.4617097,58.196426
7.996999,-1.0039878,4.929267,-0.04184427,0.0030543262,0.02565634,23.133577,2.4763234,58.17688
7.9721913,-1.0442296,4.913545,-0.02565634,0.004581489,0.0290161,23.125793,2.4911773,58.144756
7.964601,-1.0859752,4.8869796,-0.023518313,-0.007941248,0.030543262,23.12406,2.5058143,58.12246
7.9651833,-1.1246005,4.8595324,-0.01985312,-0.021991149,0.030848695,23.118185,2.5268793,58.09677
7.9862685,-1.1372517,4.8426642,-0.00580322,-0.030848695,0.03481932,23.10889,2.5466933,58.07365
8.006698,-1.1521431,4.8267107,-0.008552114,-0.03634648,0.049785517,23.097397,2.5742378,58.053352
8.011081,-1.1784414,4.8267107,-0.00030543262,-0.027183503,0.058337633,23.080757,2.5966954,58.03196
8.017511,-1.2052188,4.8268433,0.016798794,-0.022907447,0.06383542,23.05937,2.6209075,58.018394
8.08529,-1.1478678,4.832057,0.01160644,-0.008857546,0.0421497,23.044859,2.6418395,58.000328
8.147667,-1.1031781,4.8375177,0.022602014,-0.014966198,0.038789943,23.021288,2.6646888,57.986046
8.20418,-1.1173064,4.8469367,0.034208454,-0.016187929,0.04734206,23.000912,2.685186,57.967144
8.256879,-1.1300632,4.854187,0.037873644,-0.016798794,0.051923547,22.981081,2.6939325,57.959515
8.274296,-1.1300632,4.841124,0.03940081,-0.0067195175,0.07238753,22.955713,2.7068663,57.948936
8.291923,-1.1300632,4.8279047,0.049785517,0.003970624,0.0693332,22.938368,2.7182102,57.94839
8.316641,-1.1208128,4.8544617,0.067500606,0.0076358155,0.064751714,22.916391,2.7321835,57.946644
8.343186,-1.1084075,4.8848863,0.06627888,0.009468411,0.055588737,22.898172,2.745069,57.942806
8.363945,-1.079345,4.89319,0.07422013,0.0076358155,0.0571159,22.870615,2.748638,57.941128
8.386423,-1.0478754,4.902181,0.08155051,0.007330383,0.054061573,22.844723,2.7505713,57.93744
8.40145,-1.0235932,4.903325,0.073303826,-0.0030543262,0.053450707,22.820631,2.7545612,57.9374
8.41489,-1.0011933,4.903325,0.07238753,-0.004886922,0.046120327,22.795155,2.7539337,57.93564
8.440893,-0.98836136,4.8918853,0.08155051,-0.0106901415,0.04428773,22.770264,2.746355,57.940514
8.470759,-0.9784057,4.8769517,0.07788532,-0.019242255,0.03634648,22.751163,2.7379096,57.947224
8.487476,-0.98083514,4.8545904,0.06841691,-0.017715093,0.03634648,22.728886,2.731074,57.956207
8.501383,-0.9854703,4.8314147,0.055283304,-0.021991149,0.034513887,22.710232,2.72332,57.96952
8.516065,-0.96269184,4.8227577,0.04550946,-0.019242255,0.028710667,22.686316,2.7130733,57.983612
8.530492,-0.9338362,4.8179483,0.036651913,-0.0143553335,0.022907447,22.66595,2.7045321,57.998257
8.536697,-0.91766274,4.817134,0.028405234,-0.016187929,0.021991149,22.65153,2.696495,58.0211
8.541251,-0.9040016,4.817134,0.025350908,-0.00580322,0.01985312,22.63916,2.6876397,58.038914
8.549951,-0.88534206,4.8096952,0.016187929,0.002443461,0.01863139,22.631363,2.68052,58.063297
8.558316,-0.86861145,4.8013296,0.0021380284,-0.010995574,0.0106901415,22.626823,2.6727448,58.090687
8.564649,-0.8499827,4.800963,0.00580322,-0.0015271631,0.0061086523,22.616432,2.6663306,58.109863
8.569343,-0.8312029,4.805658,-0.009162978,0.0076358155,-0.01038471,22.616879,2.660188,58.132927
8.57688,-0.8179672,4.804738,-0.00580322,0.01282817,-0.00030543262,22.611353,2.6542797,58.158897
8.586516,-0.80833083,4.7999196,-0.016187929,0.012217305,-0.01160644,22.618322,2.6438339,58.18426
8.584747,-0.8101004,4.7979803,-0.007330383,0.022907447,-0.013744468,22.61707,2.6371167,58.206356
8.575144,-0.81970394,4.7979803,-0.0015271631,0.01740966,-0.005192355,22.618816,2.632512,58.232635
8.545914,-0.8438684,4.8055787,-0.00061086525,0.028099801,-0.016798794,22.623924,2.6216063,58.25466
8.501009,-0.87979174,4.8190503,0.01282817,0.033292156,-0.017104227,22.621283,2.6130264,58.278713
8.46689,-0.9156704,4.8335776,0.01160644,0.038179077,-0.0106901415,22.624985,2.6145737,58.301376
8.449551,-0.94688123,4.8474493,0.01740966,0.045814894,-0.009468411,22.624376,2.6117961,58.321365
8.425606,-0.9874032,4.8656793,0.02107485,0.052534413,-0.014049901,22.625177,2.613718,58.328907
8.396109,-1.0021515,4.8755116,0.024740042,0.05375614,-0.019242255,22.624445,2.6148996,58.33568
8.355642,-1.0223846,4.8890004,0.022296581,0.05955936,-0.01160644,22.622892,2.6204822,58.328606
8.31308,-1.0451081,4.9062095,0.023518313,0.049480084,-0.013744468,22.621958,2.6214,58.326267
8.316638,-1.0557828,4.931117,0.013439035,0.0580322,-0.015882496,22.623268,2.6262631,58.316994
8.320824,-1.0683371,4.96041,0.013439035,0.06078109,-0.016493361,22.62683,2.6344156,58.302486
8.305007,-1.0754753,4.964617,0.006414085,0.05955936,-0.020158553,22.635355,2.6436994,58.28714
8.279202,-1.0797762,4.956015,-0.008857546,0.052839845,-0.017715093,22.64505,2.65541,58.272766
8.262658,-1.0779266,4.951209,-0.0012217305,0.051923547,-0.0125227375,22.64785,2.6618612,58.24782
8.257993,-1.0685977,4.951209,-0.0125227375,0.0571159,-0.011301007,22.659185,2.6730375,58.223602
8.248239,-1.0665097,4.9424987,-0.020158553,0.042760566,-0.013439035,22.670408,2.6847572,58.205334
